state,year,cpi,pop,packpc,income,tax,avgprs,taxs
AL,1985,1.076,3973000,116.48628,46014968,32.5,102.18167,33.34834
AR,1985,1.076,2327000,128.53459,26210736,37,101.475,37
AZ,1985,1.076,3184000,104.52261,43956936,31,108.57875,36.17042
CA,1985,1.076,26444000,100.36304,447102816,26,107.83734,32.104
CO,1985,1.076,3209000,112.96354,49466672,31,94.26666,31
CT,1985,1.076,3201000,109.27835,60063368,42,128.02499,51.48333
DE,1985,1.076,618000,143.85114,9927301,30,102.49166,30
FL,1985,1.076,11352000,122.18112,166919248,37,115.29,42.49
GA,1985,1.076,5963000,127.23462,78364336,28,97.02517,28.84183
IA,1985,1.076,2830000,113.74558,37902896,34,101.842,37.917
ID,1985,1.076,994000,103.01811,11577261,25.1,102.89933,29.05767
IL,1985,1.076,11401000,123.20848,176786352,28.00001,104.44025,28.91526
IN,1985,1.076,5460000,137.63737,71751616,26.5,96.18,31.08
KS,1985,1.076,2428000,116.6804,34784360,32,98.92291,34.88125
KY,1985,1.076,3695000,186.03519,42703144,19,87.00125,23.14292
LA,1985,1.076,4409000,127.55727,53431900,32,108.394,36.169
MA,1985,1.076,5881000,115.6776,98328688,42,112.20834,42
MD,1985,1.076,4414000,120.97871,74851664,29,91.96667,29
ME,1985,1.076,1163000,128.11694,14575292,36,107.0475,41.0975
MI,1985,1.076,9077000,128.00485,133728040,37,104.91417,37.83083
MN,1985,1.076,4185000,112.90323,63152360,34,113.64967,40.433
MO,1985,1.076,5001000,130.37393,69341920,29,99.33817,29.85484
MS,1985,1.076,2588000,117.04018,25678534,27.58333,105.29333,33.54333
MT,1985,1.076,822000,104.2579,9785230,32,99.29166,32
NC,1985,1.076,6255000,155.28377,79104656,18,84.96799,21.268
ND,1985,1.076,677000,105.46529,8672948,34,106.808,38.108
NE,1985,1.076,1585000,107.38171,21778072,34,104.60667,38.02333
NH,1985,1.076,997000,197.99399,15767469,33,95.5,33
NJ,1985,1.076,7566000,116.52128,133549208,41,110.41666,41
NM,1985,1.076,1439000,88.74218,17258916,28,102.778,31.953
NV,1985,1.076,951000,141.95584,14581495,31,114.1885,37.4635
NY,1985,1.076,17794000,116.66292,297728512,37,109.99783,37.88117
OH,1985,1.076,10736000,127.59874,153455776,30,100.42374,34.78208
OK,1985,1.076,3272000,127.13937,43395580,34,101.46808,34.82642
OR,1985,1.076,2673000,119.4538,36205164,35,97.03333,35
PA,1985,1.076,11772000,117.70303,170033840,34,109.07401,40.174
RI,1985,1.076,967000,132.78178,14229156,39,100.94167,39
SC,1985,1.076,3304000,127.20944,38536176,23,90.64125,27.31625
SD,1985,1.076,698000,106.59026,8340000,31,97.08334,31
TN,1985,1.076,4716000,129.83459,57749668,29,101.9455,34.7705
TX,1985,1.076,16275000,115.10293,231003152,35.25,107.38,39.38
UT,1985,1.076,1643000,68.04626,19462380,28,110.19584,34.2375
VA,1985,1.076,5716000,134.0098,87361632,18.5,91.61533,22.02367
VT,1985,1.076,530000,145.28302,6887097,33,100.98334,33
WA,1985,1.076,4401000,96.22813,64846548,39,129.46109,47.46942
WI,1985,1.076,4748000,107.877,65732720,41,114.59,46.45667
WV,1985,1.076,1907000,112.8474,20852964,33,108.91125,38.18625
WY,1985,1.076,500000,129.39999,7116756,24,93.46667,24
AL,1986,1.096,3992000,117.15932,48703940,32.5,107.98917,33.40584
AR,1986,1.096,2332000,127.65866,27363680,37,109.08334,37
AZ,1986,1.096,3309000,103.29404,47848132,31,116.2,36.53333
CA,1986,1.096,27106000,96.36612,477762464,26,110.35484,32.2465
CO,1986,1.096,3238000,109.23409,51062272,31,100.05833,31
CT,1986,1.096,3224000,106.76179,64597832,42,130.62599,51.676
DE,1986,1.096,628000,140.76433,10530821,30,108.81667,30
FL,1986,1.096,11669000,120.61874,179951680,37,121.94,42.80667
GA,1986,1.096,6085000,126.57354,85125968,28,103.21983,28.90317
IA,1986,1.096,2792000,107.77221,39144360,40,114.374,44.399
ID,1986,1.096,990000,98.28283,11850746,25.1,108.264,29.264
IL,1986,1.096,11389000,119.5803,185432176,32.66667,113.91283,33.62951
IN,1986,1.096,5455000,138.88176,75381600,26.5,102.26125,31.36958
KS,1986,1.096,2433000,110.02878,36256488,38,110.93958,41.23125
KY,1986,1.096,3688000,181.80585,44233712,19,92.79375,23.41875
LA,1986,1.096,4407000,123.25845,53005136,32,117.00867,36.50033
MA,1986,1.096,5903000,114.24699,105975744,42,118.15,42
MD,1986,1.096,4488000,119.22905,80611616,29,97.38334,29
ME,1986,1.096,1170000,118.37607,15753707,42,121.44125,47.78292
MI,1986,1.096,9129000,126.13649,142146336,37,110.0315,37.8815
MN,1986,1.096,4206000,104.4698,66784232,39,125.62767,46.111
MO,1986,1.096,5024000,129.10031,72858704,29,106.6775,29.9275
MS,1986,1.096,2594000,114.03238,26694922,34,118.41967,40.703
MT,1986,1.096,814000,99.38575,10143255,32,104.45,32
NC,1986,1.096,6322000,152.7523,84987520,18,92.11125,22.38625
ND,1986,1.096,670000,102.08955,8788163,34,112.06866,38.31033
NE,1986,1.096,1575000,105.20635,22378720,35.66666,112.74467,40.003
NH,1986,1.096,1025000,190.63414,17399088,33,101.16666,33
NJ,1986,1.096,7623000,114.57432,142617056,41,117.475,41
NM,1986,1.096,1463000,87.2864,17882868,28,108.888,32.188
NV,1986,1.096,981000,135.1682,15715826,31,117.57166,37.655
NY,1986,1.096,17836000,113.56246,317914048,37,115.51917,37.93584
OH,1986,1.096,10732000,126.59336,160236048,30,105.51624,35.02458
OK,1986,1.096,3253000,121.30341,43222260,34,111.23983,34.92317
OR,1986,1.096,2684000,112.07153,38003492,41,109.93333,41
PA,1986,1.096,11784000,114.68093,178937904,34,114.3475,40.4725
RI,1986,1.096,975000,135.38461,15233344,39.4,107.69167,39.4
SC,1986,1.096,3343000,126.74245,40974356,23,97.17751,27.6275
SD,1986,1.096,696000,98.85058,8690783,39,111.53333,39
TN,1986,1.096,4739000,129.33109,61580548,29,107.63417,35.0925
TX,1986,1.096,16563000,111.4472,234593728,36.33334,114.946,40.75434
UT,1986,1.096,1663000,64.76247,20367186,28,112.86349,34.3885
VA,1986,1.096,5812000,133.31039,94363768,18.5,96.95399,22.229
VT,1986,1.096,534000,131.46068,7392319,33,114.49533,37.40367
WA,1986,1.096,4453000,93.28542,69114048,41,136.95108,49.95942
WI,1986,1.096,4756000,105.8873,69101072,41,119.70876,46.70042
WV,1986,1.096,1883000,115.24164,21578364,33,114.63375,38.45875
WY,1986,1.096,496000,127.82258,6940614,24,100.65833,24
AL,1987,1.136,4016000,115.83665,51846312,32.5,113.52733,33.46067
AR,1987,1.136,2343000,125.30943,28540168,37,117.025,37
AZ,1987,1.136,3438000,100.34904,52003120,31,119.175,36.675
CA,1987,1.136,27781000,92.46607,517348384,26,118.4815,32.7065
CO,1987,1.136,3261000,102.69855,53527656,36,112.91666,36
CT,1987,1.136,3248000,106.61946,71098736,42,136.92599,52.14267
DE,1987,1.136,637000,137.51962,11422540,30,116.00834,30
FL,1987,1.136,11999000,119.2266,196939232,40,132.78125,46.32292
GA,1987,1.136,6209000,124.7866,92007472,28,107.94158,28.94992
IA,1987,1.136,2767000,107.55331,41224700,42,126.09132,46.84967
ID,1987,1.136,985000,99.28934,12421681,27.325,118.405,32.96333
IL,1987,1.136,11393000,111.93716,196946624,36.00001,128.05684,43.24851
IN,1987,1.136,5474000,136.77385,80257856,26.5,107.67751,31.6275
KS,1987,1.136,2446000,106.25511,38106992,40,124.78267,44.79933
KY,1987,1.136,3684000,175.95006,47080768,19,97.41375,23.63875
LA,1987,1.136,4345000,121.56502,53286764,32,124.08933,36.77267
MA,1987,1.136,5936000,112.09569,115760808,42,126.93333,42
MD,1987,1.136,4566000,115.87822,87731312,29,105.49167,29
ME,1987,1.136,1185000,123.96625,17289266,44,132.03751,50.2875
MI,1987,1.136,9189000,122.36369,148190832,37,118.667,37.967
MN,1987,1.136,4236000,108.49858,71570232,40.25,132.71199,47.762
MO,1987,1.136,5057000,129.68163,77114720,29,113.04892,29.99059
MS,1987,1.136,2589000,112.51448,28248528,34,126.95267,41.186
MT,1987,1.136,805000,95.2795,10462867,32,111.50833,32
NC,1987,1.136,6405000,148.10304,91733648,18,96.5625,20.8125
ND,1987,1.136,661000,97.73071,8968475,34,117.13867,38.50533
NE,1987,1.136,1567000,104.91385,23552768,39,121.64533,43.67867
NH,1987,1.136,1054000,185.19923,19368684,33,108.70834,33
NJ,1987,1.136,7672000,110.7925,155179008,41,125.55,41
NM,1987,1.136,1479000,82.08249,18756172,31,117.85374,36.61208
NV,1987,1.136,1024000,135.74219,17280732,31,127.39433,38.211
NY,1987,1.136,17871000,109.43428,340067904,37,123.20358,38.01192
OH,1987,1.136,10762000,125.45065,168667712,30,108.65749,35.17417
OK,1987,1.136,3211000,118.24976,43220656,34.41666,120.18383,37.91716
OR,1987,1.136,2701000,109.21881,40274160,43,125.09167,43
PA,1987,1.136,11812000,112.48729,190656640,34,118.02217,40.6805
RI,1987,1.136,990000,121.81818,16477743,41,118.16666,41
SC,1987,1.136,3381000,127.15173,44136172,23,102.88251,27.89917
SD,1987,1.136,696000,98.99426,9199160,39,120.11666,39
TN,1987,1.136,4784000,130.81104,66524200,29,117.198,37.68133
TX,1987,1.136,16624000,104.31304,240782432,36.5,123.89,41.265
UT,1987,1.136,1678000,68.53397,21208236,29.83333,117.97626,35.45125
VA,1987,1.136,5933000,129.66458,102817072,18.5,102.934,22.459
VT,1987,1.136,540000,127.77778,8099821,33,124.35799,37.783
WA,1987,1.136,4533000,88.96978,73871752,47,148.088,56.688
WI,1987,1.136,4779000,106.84244,73377744,41,126.58625,47.02792
WV,1987,1.136,1858000,113.83208,22197652,33,124.1975,38.91417
WY,1987,1.136,477000,119.49686,6769883,24,108.65,24
AL,1988,1.183,4024000,115.25845,55698852,32.5,120.03342,33.52509
AR,1988,1.183,2343000,125.52283,30492638,37,129.42799,41.978
AZ,1988,1.183,3536000,99.46267,55836700,31,126.58625,37.02792
CA,1988,1.183,28468000,88.38345,561121088,26,130.009,33.359
CO,1988,1.183,3263000,97.02728,56387208,36,124.63333,36
CT,1988,1.183,3272000,103.85085,78551080,42,147.825,52.95
DE,1988,1.183,648000,135.95679,12506597,30,122.04167,30
FL,1988,1.183,12308000,118.06142,216504528,40,142.72125,46.79625
GA,1988,1.183,6317000,123.68212,100276824,28,117.94901,29.049
IA,1988,1.183,2769000,103.53918,42399264,44.66666,139.76735,50.04233
ID,1988,1.183,986000,88.64098,13353923,34,135.16125,40.43625
IL,1988,1.183,11392000,110.0948,210271984,36.00001,136.86366,43.74701
IN,1988,1.183,5493000,135.86382,85759016,31.5,120.70625,37.24792
KS,1988,1.183,2462000,104.63038,40206912,40,136.5,45.25
KY,1988,1.183,3681000,172.50748,49938632,19,104.8775,23.99417
LA,1988,1.183,4289000,116.81045,56239456,32,131.46466,37.05633
MA,1988,1.183,5981000,109.898,127579568,42,141.51666,42
MD,1988,1.183,4659000,112.66367,96071784,29,115.61666,29
ME,1988,1.183,1204000,123.75415,19035832,44,144.88251,50.89917
MI,1988,1.183,9219000,121.70518,158529136,39,129.21832,40.05167
MN,1988,1.183,4297000,94.04236,75578160,54,156.88,62.88
MO,1988,1.183,5082000,129.71271,81744480,29,118.14942,30.04109
MS,1988,1.183,2581000,113.01821,30176940,34,131.93466,41.468
MT,1988,1.183,800000,90.625,10692508,32,119.79167,32
NC,1988,1.183,6482000,145.57236,100196176,18,105.84966,21.083
ND,1988,1.183,655000,92.36641,8352113,43,138.489,50.839
NE,1988,1.183,1572000,95.54707,25118636,43,137.93866,48.30533
NH,1988,1.183,1083000,176.63896,21390430,33,120.73334,33
NJ,1988,1.183,7713000,108.01244,170763504,43,136.29167,43
NM,1988,1.183,1491000,79.47686,19853934,31,127.65375,37.07875
NV,1988,1.183,1075000,135.53488,19544342,36,147.26935,44.336
NY,1988,1.183,17944000,106.34753,369668224,37,133.312,38.112
OH,1988,1.183,10800000,122.78703,180756992,34,121.23125,39.77292
OK,1988,1.183,3168000,109.34344,45152640,39,134.056,44.156
OR,1988,1.183,2742000,108.05981,44030080,43,139.08334,43
PA,1988,1.183,11847000,108.71107,205200224,34,125.5305,41.1055
RI,1988,1.183,997000,137.01103,18205036,41,128.09167,41
SC,1988,1.183,3413000,126.04746,47922880,23,112.245,28.345
SD,1988,1.183,698000,94.98568,9639202,39,134.24251,45.3925
TN,1988,1.183,4823000,127.24446,71900880,29,126.99001,38.40667
TX,1988,1.183,16669000,97.7923,255401648,40.625,139.78751,48.5375
UT,1988,1.183,1690000,55.73964,22224834,39,136.82375,45.51542
VA,1988,1.183,6038000,127.47599,112022304,18.5,111.67625,23.81792
VT,1988,1.183,550000,128.72728,8904578,33,132.28799,38.088
WA,1988,1.183,4641000,86.46844,80130192,47,157.04033,57.27367
WI,1988,1.183,4823000,102.88203,78125584,45.16666,140.09625,51.83791
WV,1988,1.183,1830000,115.40984,23259046,33,133.82249,39.3725
WY,1988,1.183,465000,123.01075,6961888,24,116.225,24
AL,1989,1.24,4030000,109.20596,60044480,32.5,133.25601,33.656
AR,1989,1.24,2346000,122.80477,32409780,37,140.998,42.423
AZ,1989,1.24,3622000,94.91994,60010740,31,134.69749,37.41417
CA,1989,1.24,29218000,80.51543,606701248,38.5,154.90134,47.268
CO,1989,1.24,3276000,91.30037,60759576,36,141.59167,36
CT,1989,1.24,3283000,100.03046,84702664,45.5,166.716,57.84933
DE,1989,1.24,658000,130.85106,13777657,30,133.33334,30
FL,1989,1.24,12638000,112.60484,240686672,40,154.55685,48.7485
GA,1989,1.24,6411000,117.62595,107725352,28,129.33675,29.16175
IA,1989,1.24,2771000,97.00469,45887504,50,155.45401,55.979
ID,1989,1.24,994000,80.88531,14720691,34,144.99626,40.90458
IL,1989,1.24,11410000,106.97633,224024336,36.00001,143.50633,44.12301
IN,1989,1.24,5524000,134.28674,92629880,31.5,132.17749,37.79417
KS,1989,1.24,2473000,97.93773,42267324,40,147.60201,45.677
KY,1989,1.24,3677000,176.09465,53695508,19,116.2175,24.53417
LA,1989,1.24,4253000,108.84082,59528360,32,143.63268,37.52433
MA,1989,1.24,6016000,102.49335,135095936,42,158.3575,49.54083
MD,1989,1.24,4727000,107.59467,104005032,29,126.79166,29
ME,1989,1.24,1220000,120.90164,20599674,44,159.39876,51.59042
MI,1989,1.24,9253000,117.64832,169112992,41,140.50192,42.14359
MN,1989,1.24,4338000,92.09313,82277040,54,167.70967,63.493
MO,1989,1.24,5096000,125.45132,87050224,29,125.96851,30.1185
MS,1989,1.24,2574000,112.19891,32281126,34,142.0665,42.0415
MT,1989,1.24,800000,88.375,11692829,32,131.98334,32
NC,1989,1.24,6565000,139.0556,108584976,18,116.11534,21.382
ND,1989,1.24,646000,89.31889,9279703,43,147.39301,51.343
NE,1989,1.24,1575000,95.87302,26581180,43,147.35933,48.66767
NH,1989,1.24,1105000,170.49774,22792080,33,129.39999,33
NJ,1989,1.24,7726000,103.48175,182297648,43,145.21667,43
NM,1989,1.24,1504000,76.13032,21182568,31,137.48,37.54667
NV,1989,1.24,1137000,129.72736,22256010,36,162.43617,45.1945
NY,1989,1.24,17983000,100.32253,395022080,39,150.87442,40.26609
OH,1989,1.24,10829000,119.30927,193034656,34,135.65125,40.45958
OK,1989,1.24,3150000,102.63492,48089840,39,146.44067,44.63233
OR,1989,1.24,2791000,105.19527,48059984,43,151.35834,43
PA,1989,1.24,11866000,108.73082,222195136,34,136.90782,41.7495
RI,1989,1.24,1001000,120.07992,19669940,43,138.35834,43
SC,1989,1.24,3457000,124.32745,51276188,23,125.64125,28.98292
SD,1989,1.24,697000,90.53085,10288122,39,140.64267,44.40933
TN,1989,1.24,4854000,127.11166,77104680,29,139.72501,39.35
TX,1989,1.24,16807000,95.07943,274342784,42,150.5995,50.5245
UT,1989,1.24,1706000,57.44431,23842736,39,152.36375,46.25542
VA,1989,1.24,6120000,121.01307,121057680,18.5,126.63,24.53
VT,1989,1.24,558000,120.43011,9769222,33,143.38133,38.51467
WA,1989,1.24,4746000,83.96545,88616008,47.25,170.08543,58.37708
WI,1989,1.24,4857000,100.59708,84013416,46,153.05499,53.28833
WV,1989,1.24,1807000,110.45933,24440400,33,146.30649,41.2815
WY,1989,1.24,458000,119.21397,7509524,24,122.625,24
AL,1990,1.307,4048508,111.74487,64094948,32.5,143.44858,33.75692
AR,1990,1.307,2354343,117.01778,34159184,37,150.06332,42.77167
AZ,1990,1.307,3679056,85.81006,63319164,31,147.8575,38.04083
CA,1990,1.307,29950112,74.20006,655567168,51,187.84967,61.633
CO,1990,1.307,3303862,89.13811,65094512,36,147.2,36
CT,1990,1.307,3289056,90.81633,87935184,56,183.82501,69.61667
DE,1990,1.307,669063,124.35301,14475729,30,138.95,30
FL,1990,1.307,13018365,105.74292,258479056,40,168.25734,49.524
GA,1990,1.307,6506531,112.64067,115414192,28,136.97908,29.23742
IA,1990,1.307,2779769,97.66998,48312552,47,159.10268,53.11934
ID,1990,1.307,1011882,91.31499,16054421,34,150.26375,41.15542
IL,1990,1.307,11446979,95.99912,237593008,46.00001,160.28084,55.07251
IN,1990,1.307,5555097,129.37668,97907440,31.5,140.40251,38.18583
KS,1990,1.307,2480683,95.45758,45103584,40,151.57133,45.82967
KY,1990,1.307,3692584,186.48187,57175332,19,124.38126,24.92292
LA,1990,1.307,4219179,107.43797,64229064,32,150.47067,37.78733
MA,1990,1.307,6018664,97.54656,139772368,42,166.69624,49.93792
MD,1990,1.307,4797431,99.97017,110449944,29,137.39166,29
ME,1990,1.307,1231296,114.91956,21521460,46.25,166.58249,54.1825
MI,1990,1.307,9310462,114.74189,177103456,41,145.67818,42.19483
MN,1990,1.307,4387283,89.46311,87795488,54,179.21066,64.144
MO,1990,1.307,5126370,120.96278,90999728,29,132.26418,30.18084
MS,1990,1.307,2577426,105.37645,33928256,34,150.02533,42.492
MT,1990,1.307,799824,86.89412,12416204,33.5,141.76666,33.5
NC,1990,1.307,6656987,131.60608,115608648,18,126.0205,21.6705
ND,1990,1.307,637364,82.9981,10121249,46,162.54218,55.2005
NE,1990,1.307,1580664,91.54381,28591104,43,154.47466,48.94133
NH,1990,1.307,1111831,154.42995,23029404,38.66666,145.73332,38.66666
NJ,1990,1.307,7757158,98.47679,192117136,43,159.85834,43
NM,1990,1.307,1519933,71.5821,22738520,31,148.42625,38.06792
NV,1990,1.307,1218629,120.5453,25193918,51,191.91301,61.863
NY,1990,1.307,18002856,93.86844,419742656,49.5,178.86267,56.37934
OH,1990,1.307,10861837,115.84597,204114304,34,144.86501,40.89833
OK,1990,1.307,3147105,93.19676,51026776,39,153.76401,44.914
OR,1990,1.307,2858547,98.79145,52177756,43.66666,158.43333,43.66666
PA,1990,1.307,11895604,102.54208,235802320,34,148.15266,42.386
RI,1990,1.307,1004649,100.63216,20287488,53,162.21667,53
SC,1990,1.307,3499064,118.97468,56158328,23,133.78749,29.37083
SD,1990,1.307,696667,91.5789,11312137,39,151.37201,44.822
TN,1990,1.307,4890626,123.21531,82267328,29,147.312,39.912
TX,1990,1.307,17044714,85.01169,297569440,42,162.4185,51.1935
UT,1990,1.307,1729722,53.0143,25938560,39,168.80499,47.03833
VA,1990,1.307,6213526,115.74748,127614144,18.5,139.86876,25.16042
VT,1990,1.307,564526,122.58071,10192738,33,153.33067,38.89734
WA,1990,1.307,4900780,78.74257,98143120,50,185.40424,62.12925
WI,1990,1.307,4902265,94.48694,89025200,46,163.24875,53.77375
WV,1990,1.307,1792481,111.46561,26132850,33,152.216,41.616
WY,1990,1.307,453401,104.76377,8159438,28,128.04166,28
AL,1991,1.362,4091025,107.01475,67649568,34.5,161.72116,35.93784
AR,1991,1.362,2370666,116.25425,36164020,39,170.09201,45.542
AZ,1991,1.362,3762394,80.74646,66077264,35.25,166.59125,43.18291
CA,1991,1.362,30414114,68.53069,669842240,53,206.9915,64.7165
CO,1991,1.362,3367567,88.90691,68992136,38,152.25,38
CT,1991,1.362,3288640,87.02686,88344096,58,194.67,72.42
DE,1991,1.362,680495,117.41453,15203588,39.08334,160.40833,39.08334
FL,1991,1.362,13289497,97.62597,268304176,51.9,192.47835,62.795
GA,1991,1.362,6621279,109.07259,121094216,30,151.67458,31.38292
IA,1991,1.362,2791227,96.33756,49848588,49.41666,172.68333,56.05833
ID,1991,1.362,1038915,82.97118,16825220,36,165.235,43.86833
IL,1991,1.362,11535973,95.33657,245952368,48.00001,178.83968,58.12301
IN,1991,1.362,5602062,126.36419,101146560,33.5,153.08125,40.78959
KS,1991,1.362,2495209,91.61557,46989840,42,168.47133,48.47967
KY,1991,1.362,3714686,169.13945,60328548,21,136.83717,28.7455
LA,1991,1.362,4240950,106.3441,68178512,37.66667,172.18066,44.289
MA,1991,1.362,5998652,94.8213,142463680,44,178.8325,52.51583
MD,1991,1.362,4856176,97.33997,114466200,31.25,149.97501,31.25
ME,1991,1.362,1235439,116.31493,21820184,50,181.51001,58.64333
MI,1991,1.362,9395022,109.49416,181495456,43,164.49783,44.38117
MN,1991,1.362,4427429,85.87376,90713792,56.41667,196.047,67.51366
MO,1991,1.362,5157770,119.54779,95729992,31,145.49516,32.31184
MS,1991,1.362,2591230,104.89227,35774984,36,162.10051,45.1755
MT,1991,1.362,807837,81.69965,13336500,36,154.875,36
NC,1991,1.362,6748135,130.4064,120648272,20,139.3075,24.0575
ND,1991,1.362,634199,85.30446,10318486,48,174.90883,57.9005
NE,1991,1.362,1590805,91.71457,29853372,45,170.05626,53.09792
NH,1991,1.362,1107055,147.32782,23608532,43,159.69165,43
NJ,1991,1.362,7784269,86.53349,195795520,58,186.30833,58
NM,1991,1.362,1547115,69.3549,24357692,33,165.22626,40.86792
NV,1991,1.362,1285046,111.74697,27349370,53,201.76218,64.4205
NY,1991,1.362,18029532,86.59682,431671584,57,198.25,64.625
OH,1991,1.362,10933683,112.4964,210116960,36,158.56749,43.55083
OK,1991,1.362,3166471,87.1317,52947292,41,169.37376,49.06542
OR,1991,1.362,2918745,98.15862,54890876,46,169.74167,46
PA,1991,1.362,11943160,102.20075,244892208,36,164.20282,45.2945
RI,1991,1.362,1003990,104.0847,20443910,55,181.45834,55
SC,1991,1.362,3559470,120.21452,58405664,25,149.12625,32.10125
SD,1991,1.362,701445,91.24023,11896990,41,163.67,47.295
TN,1991,1.362,4946886,119.63081,86583088,31,164.72699,43.202
TX,1991,1.362,17339904,78.65672,314725568,59,191.33,69.83
UT,1991,1.362,1771941,52.48482,27749680,41,174.79875,49.32375
VA,1991,1.362,6283853,108.75493,132536112,20.5,156.08249,27.9325
VT,1991,1.362,567141,120.95757,10332389,35,166.00999,41.385
WA,1991,1.362,5013443,77.35203,104786248,52,203.06816,65.28484
WI,1991,1.362,4952675,94.71649,92669448,48,177.14377,56.43542
WV,1991,1.362,1798212,110.16499,27366612,35,161.11118,44.1195
WY,1991,1.362,457739,106.82944,8636382,30,143.05833,30
AL,1992,1.403,4139269,106.90293,72281824,36.5,176.11366,38.08034
AR,1992,1.403,2394098,124.09684,39322416,42,187.75749,50.94083
AZ,1992,1.403,3867333,76.35753,70119912,38,184.94875,46.80708
CA,1992,1.403,30875920,66.38183,701571584,55,218.03033,69.26366
CO,1992,1.403,3459995,84.74001,74206960,40,163.74167,40
CT,1992,1.403,3274997,84.24435,93778704,63.75,209.22633,75.593
DE,1992,1.403,690158,116.92975,15938837,44,182.39999,44
FL,1992,1.403,13504775,93.90012,279028352,53.9,202.36282,65.3545
GA,1992,1.403,6759474,106.39881,130683560,32,165.51158,33.51992
IA,1992,1.403,2806923,93.91066,53161048,56,192.43466,63.40133
ID,1992,1.403,1066490,80.45082,18382160,38,178.00999,46.47667
IL,1992,1.403,11635197,93.27733,264868800,50.00001,195.34917,61.05751
IN,1992,1.403,5648649,126.15406,108844848,35.5,163.62502,43.29167
KS,1992,1.403,2526042,88.75546,50406832,44,181.168,50.968
KY,1992,1.403,3756358,164.49445,65059952,23,149.88399,31.484
LA,1992,1.403,4270849,106.88741,72466152,40,186.67999,47.18
MA,1992,1.403,5993474,91.1992,149095680,46,187.57375,54.93208
MD,1992,1.403,4902545,90.606,119417456,39.33334,179.4975,47.88084
ME,1992,1.403,1235748,114.99108,22675764,57,201.99184,68.4335
MI,1992,1.403,9470323,105.92036,192037536,45,182.87141,46.56308
MN,1992,1.403,4471503,82.67914,97024880,63,219.59076,77.36575
MO,1992,1.403,5193686,121.18561,101493392,33,157.15225,34.42725
MS,1992,1.403,2610193,102.52116,38397576,38,180.95967,48.243
MT,1992,1.403,822436,83.8971,14075520,38,172.03999,38
NC,1992,1.403,6831850,126.1591,130627408,24.75,155.69667,30.73833
ND,1992,1.403,635427,74.43813,11241941,49,184.14851,59.4235
NE,1992,1.403,1602406,89.30321,31548426,47,182.69125,55.69958
NH,1992,1.403,1112766,145.58318,24652176,45,174.14166,45
NJ,1992,1.403,7827770,85.9504,208197344,60,213.40259,73.96091
NM,1992,1.403,1580750,69.33418,25964036,35,177.83501,43.46833
NV,1992,1.403,1330694,102.8035,30199270,55,209.23851,68.6885
NY,1992,1.403,18082032,82.35247,455657120,59,209.65533,67.06367
OH,1992,1.403,11007609,110.85968,222811728,38,169.35626,46.06458
OK,1992,1.403,3204174,84.60839,56155136,43,186.3575,51.87417
OR,1992,1.403,2973934,97.78294,58162804,48,185.77499,48
PA,1992,1.403,11980819,95.65289,258186144,49.91666,190.323,60.68966
RI,1992,1.403,1000571,100.94236,21269332,57,208.23093,70.62258
SC,1992,1.403,3600576,110.48232,61803472,27,167.21249,34.9625
SD,1992,1.403,708698,91.43529,12732224,43,180.01534,49.92367
TN,1992,1.403,5013999,118.38853,94464752,33,180.981,46.406
TX,1992,1.403,17650480,75.06311,337933984,61,208.66101,72.811
UT,1992,1.403,1821498,52.53917,29788208,46.5,184.73,55.29667
VA,1992,1.403,6383315,106.19875,140206720,22.5,170.57249,30.6225
VT,1992,1.403,570115,126.11491,10999179,38.5,179.2525,47.03584
WA,1992,1.403,5139011,77.79707,112633616,54,215.07892,68.07058
WI,1992,1.403,5004636,94.49239,99453936,51.33334,193.46249,60.54584
WV,1992,1.403,1805462,96.59577,29100894,37,172.63867,46.772
WY,1992,1.403,463491,107.44545,9061238,32,161.98334,32
AL,1993,1.445,4193114,104.95779,75439176,38.5,164.73433,39.96767
AR,1993,1.445,2423743,110.73782,41190456,49.20834,180.9675,57.82584
AZ,1993,1.445,3993390,75.24935,74900032,40,179.26126,48.53625
CA,1993,1.445,31147208,61.75193,714107328,57,209.86267,70.72933
CO,1993,1.445,3560884,82.64802,80212048,42,159.11667,42
CT,1993,1.445,3272325,79.79036,96866464,67,214.8885,79.1635
DE,1993,1.445,699475,119.08932,16663330,46,166.91666,46
FL,1993,1.445,13713593,93.27971,296927424,55.9,191.30351,66.7285
GA,1993,1.445,6894092,104.35022,138770624,34,156.9855,35.4355
IA,1993,1.445,2820525,90.83416,53390872,58,187.62625,66.93459
ID,1993,1.445,1101204,79.36768,20105404,40,166.73123,47.93958
IL,1993,1.445,11725984,92.3931,274220704,52.00001,186.401,62.55101
IN,1993,1.445,5701965,123.55389,114675360,37.5,158.34875,45.04042
KS,1993,1.445,2547605,87.88647,52250372,46,173.61751,54.2675
KY,1993,1.445,3792288,162.98866,67558768,25,145.97968,33.263
LA,1993,1.445,4284749,104.27682,75911280,42,173.35933,48.66767
MA,1993,1.445,6010884,84.54663,154262080,60.5,193.40125,69.70958
MD,1993,1.445,4942504,80.9711,124076160,58,190.54001,67.07333
ME,1993,1.445,1238256,108.45899,23292032,59,194.96051,70.0355
MI,1993,1.445,9529240,104.19509,203827568,47,173.36899,48.469
MN,1993,1.445,4521709,79.5938,99787104,70,218.16409,84.27242
MO,1993,1.445,5237757,119.44044,106298472,35,149.98967,36.35634
MS,1993,1.445,2635574,103.01361,40767848,40,176.84424,51.56925
MT,1993,1.445,839876,81.55966,15178490,41.155,163.30501,41.155
NC,1993,1.445,6947412,124.92422,139239264,27,148.616,32.716
ND,1993,1.445,637229,82.85875,11361715,51,180.17351,61.1985
NE,1993,1.445,1612149,89.19771,32512656,49,176.7675,57.4175
NH,1993,1.445,1122191,149.52892,25272604,47,167.175,47
NJ,1993,1.445,7874891,81.7916,213418800,62,203.45816,73.5165
NM,1993,1.445,1614937,65.57531,27818748,37,168.3325,45.01583
NV,1993,1.445,1380197,97.3774,32385668,57,206.16225,70.48725
NY,1993,1.445,18140894,77.91788,464200544,62.41667,205.13133,70.30634
OH,1993,1.445,11070385,106.84362,232462848,43,162.82875,50.75375
OK,1993,1.445,3228829,83.96233,58394696,45,179.5325,53.54917
OR,1993,1.445,3034490,93.09637,61916252,50,180.77499,50
PA,1993,1.445,12022128,93.86857,267020432,53,178.58351,63.1085
RI,1993,1.445,997852,95.10429,22089772,59,188.92632,71.35966
SC,1993,1.445,3634507,111.6245,64711452,29,156.8175,36.4675
SD,1993,1.445,716258,89.07405,13297460,45,171.45267,51.59433
TN,1993,1.445,5085666,116.50391,100393936,35,170.91899,47.66067
TX,1993,1.445,17996764,77.60284,356784352,63,199.8895,74.3145
UT,1993,1.445,1875993,52.07909,31950464,48.5,176.68875,56.91375
VA,1993,1.445,6464795,102.12234,147223168,24.5,168,32.5
VT,1993,1.445,574004,116.02707,11356945,42,173.4425,50.25917
WA,1993,1.445,5247704,74.60406,117620616,56,214.54391,70.03558
WI,1993,1.445,5055318,88.63933,104337360,60,194.57375,69.26542
WV,1993,1.445,1816179,111.99337,30374522,39,165.86351,48.3885
WY,1993,1.445,469033,103.83065,9515136,34,155.19165,34
AL,1994,1.482,4232965,103.42632,79832152,40.5,156.27557,41.88392
AR,1994,1.482,2540605,101.62934,43498008,55.5,176.015,63.88167
AZ,1994,1.482,4147561,72.8621,82014176,42,170.69499,50.12833
CA,1994,1.482,31317180,57.866,735104448,60,206.43867,73.50533
CO,1994,1.482,3653910,82.1312,85859736,44,159.61667,44
CT,1994,1.482,3268346,77.62336,99787808,71,215.95734,83.224
DE,1994,1.482,708416,121.67992,17377776,48,157.28333,48
FL,1994,1.482,13961798,90.46829,311908864,57.9,182.94717,68.2555
GA,1994,1.482,7045900,102.66964,149165088,36,152.69301,37.393
IA,1994,1.482,2829422,91.6795,57998884,60,184.625,68.79166
ID,1994,1.482,1135459,83.84274,21399344,42,159.8625,49.6125
IL,1994,1.482,11804986,83.60027,288509472,68.00001,194.94283,79.03451
IN,1994,1.482,5745626,124.8602,121537088,39.5,153.74625,46.82125
KS,1994,1.482,2569118,86.95591,54856808,48,171.31624,56.15792
KY,1994,1.482,3823215,164.80893,70781360,27,142.00467,35.038
LA,1994,1.482,4306500,103.61082,80871536,44,162.72534,50.25867
MA,1994,1.482,6031352,77.22978,161885984,75,209.44876,84.97375
MD,1994,1.482,4985411,79.69253,129848496,60,183.80251,68.7525
ME,1994,1.482,1237687,102.36837,24173868,61,193.07899,71.929
MI,1994,1.482,9584481,110.51198,219120752,57.33333,179.53925,58.78091
MN,1994,1.482,4566028,81.36174,107151552,72,213.63441,85.97608
MO,1994,1.482,5281206,117.24595,112313768,40,149.1601,41.31842
MS,1994,1.482,2663450,103.13691,44077268,42,166.0105,52.8605
MT,1994,1.482,854923,82.58054,15499025,42.105,153.79666,42.105
NC,1994,1.482,7060959,108.15812,147792512,29,145.21866,34.58533
ND,1994,1.482,639762,80.34238,12176830,68,190.535,78.785
NE,1994,1.482,1621551,84.05533,34325416,58,178.75375,66.51208
NH,1994,1.482,1133054,155.15588,26989736,49,161.35834,49
NJ,1994,1.482,7918796,80.49203,220817408,64,196.90382,75.1455
NM,1994,1.482,1653329,64.41549,29670304,45,169.44376,53.06875
NV,1994,1.482,1456388,93.99968,35877512,59,203.68343,72.32508
NY,1994,1.482,18156652,71.64867,478586304,80,218.67732,88.41067
OH,1994,1.482,11111451,106.67374,245156112,48,161.455,55.68833
OK,1994,1.482,3246119,101.96792,60799744,47,170.16125,55.10292
OR,1994,1.482,3087142,91.08749,66129688,57.83333,182.85001,57.83333
PA,1994,1.482,12042545,94.78063,275336928,55,169.812,64.612
RI,1994,1.482,993412,93.61674,22612016,68,198.63658,80.99492
SC,1994,1.482,3666456,109.0699,68510824,31,146.60625,37.98125
SD,1994,1.482,723038,91.97304,14176712,47,165.24733,53.35567
TN,1994,1.482,5163016,114.13871,106855208,37,164.02499,49.15
TX,1994,1.482,18338320,74.91417,377582624,65,192.87582,75.9175
UT,1994,1.482,1930436,51.12835,34578712,50.5,173.565,58.765
VA,1994,1.482,6536771,103.1549,154981632,26.5,164.9375,34.35417
VT,1994,1.482,578900,118.84608,11897987,44,167.88625,51.99458
WA,1994,1.482,5334896,68.19252,123337472,78,237.37059,93.52892
WI,1994,1.482,5095504,91.61018,110569688,62,193.28751,71.20417
WV,1994,1.482,1818490,102.22767,31666084,41,163.24883,50.2405
WY,1994,1.482,474982,105.89875,9954215,36,150.66666,36
AL,1995,1.524,4262731,101.08543,83903280,40.5,158.37134,41.90467
AR,1995,1.524,2480121,111.04297,45995496,55.5,175.54251,63.85917
AZ,1995,1.524,4306908,71.95417,88870496,65.33333,198.6075,74.79082
CA,1995,1.524,31493524,56.85931,771470144,61,210.50467,74.77133
CO,1995,1.524,3738061,82.58292,92946544,44,167.35001,44
CT,1995,1.524,3265293,79.47219,104315120,74,218.2805,86.3555
DE,1995,1.524,718265,124.4666,18237436,48,165.60001,48
FL,1995,1.524,14185403,93.07455,333525344,57.9,187.71718,68.52551
GA,1995,1.524,7188538,97.47462,159800448,36,156.57307,37.43142
IA,1995,1.524,2840860,92.4016,60170928,60,190.89,69.09
ID,1995,1.524,1165000,74.84978,22868920,52,179.63751,60.55417
IL,1995,1.524,11884935,83.26508,304767456,68.00001,198.47617,79.2345
IN,1995,1.524,5791819,134.25835,126525008,39.5,154.53375,46.85875
KS,1995,1.524,2586942,88.75344,56626672,48,175.21001,56.34333
KY,1995,1.524,3855248,172.64778,74079712,27,145.97968,35.263
LA,1995,1.524,4327978,105.17613,84572688,44,167.79535,50.45367
MA,1995,1.524,6062335,76.62064,170051568,75,217.10501,85.33833
MD,1995,1.524,5023650,77.47355,135115456,60,186.03375,68.85875
ME,1995,1.524,1237438,102.46978,25045934,61,197.23065,72.164
MI,1995,1.524,9659871,81.38825,231594240,99,240.84967,112.633
MN,1995,1.524,4605445,82.9453,113216856,72,220.34866,86.41534
MO,1995,1.524,5324610,122.45028,117639672,41,157.23009,42.38842
MS,1995,1.524,2690788,105.58245,46241956,42,169.2294,53.07108
MT,1995,1.524,868522,87.15957,16296835,42,156.21667,42
NC,1995,1.524,7185403,121.53806,157633568,29,149.994,34.769
ND,1995,1.524,641548,79.80697,12243384,68,192.24867,78.882
NE,1995,1.524,1635142,87.27071,36293064,58,182.175,66.675
NH,1995,1.524,1145604,156.33675,28649564,49,166.64166,49
NJ,1995,1.524,7965523,80.37137,233208576,64,203.08717,75.4955
NM,1995,1.524,1682417,64.66887,31716160,45,176.14624,53.38792
NV,1995,1.524,1525777,93.52612,39377292,59,206.59917,72.51583
NY,1995,1.524,18150928,70.81732,503163328,80,221.858,88.533
OH,1995,1.524,11155493,111.3801,255312928,48,165.89125,55.89958
OK,1995,1.524,3265547,108.68011,63333300,47,170.13499,55.10167
OR,1995,1.524,3141421,92.15575,71209312,62,190.3,62
PA,1995,1.524,12044780,95.64309,285923232,55,176.16316,64.9715
RI,1995,1.524,989203,92.5998,23786644,80,224.45924,94.68425
SC,1995,1.524,3699943,108.08275,72050072,31,152.81874,38.27708
SD,1995,1.524,728251,97.21923,14454129,47,168.03799,53.463
TN,1995,1.524,5241168,122.32005,114259984,37,167.067,49.37533
TX,1995,1.524,18679706,73.07931,402096768,65,198.20233,76.219
UT,1995,1.524,1976774,49.2722,37278220,50.5,180.97626,59.11792
VA,1995,1.524,6601392,105.38687,161441792,26.50001,166.66125,34.43626
VT,1995,1.524,582827,122.33475,12448607,44,175.63875,52.36375
WA,1995,1.524,5431024,65.53092,129680832,80.5,239.10934,96.14267
WI,1995,1.524,5137004,92.46635,115959680,62,201.38126,71.58958
WV,1995,1.524,1820560,115.56883,32611268,41,166.51718,50.4255
WY,1995,1.524,478447,112.23814,10293195,36,158.54166,36